Workbook

Sheet Price list
A1: CyberGaming Lebanon: price list
A2: All games on cybergaminglb.com, prices in USD. Generated 19 Sep 2026. Edit the New price column and the totals update.
A4: # | B4: Title | C4: Platform | D4: Edition | E4: Condition | F4: Year | G4: Genres | H4: Previous price | I4: New price | J4: Change ($) | K4: Change (%) | L4: Status | M4: Stock | N4: Reason | O4: Link
A5: 1 | B5: Ace Combat 7: Skies Unknown | C5: PlayStation 4 | D5: Standard | E5: Used, Good | F5: 2019 | G5: Simulation | H5: 12 | I5: 12 | J5: =I5-H5 | K5: =IF(H5=0,0,J5/H5) | L5: Active | M5: 1 | N5: Unchanged: already at or above market floor | O5: Open
A6: 2 | B6: Assassin's Creed IV: Black Flag | C6: PlayStation 4 | D6: Standard | E6: Used, Good | F6: 2013 | G6: Action, Open World | H6: 10 | I6: 12 | J6: =I6-H6 | K6: =IF(H6=0,0,J6/H6) | L6: Active | M6: 1 | N6: Raised to the $12 floor for ordinary titles | O6: Open
A7: 3 | B7: Assassin's Creed Odyssey | C7: PlayStation 4 | D7: Standard | E7: Used, Good | F7: 2018 | G7: Action, RPG, Open World | H7: 12 | I7: 15 | J7: =I7-H7 | K7: =IF(H7=0,0,J7/H7) | L7: Active | M7: 1 | N7: Popular title: raised to market range | O7: Open
A8: 4 | B8: Assassin's Creed Origins | C8: PlayStation 4 | D8: Standard | E8: Used, Good | F8: 2017 | G8: Action, RPG, Open World | H8: 12 | I8: 15 | J8: =I8-H8 | K8: =IF(H8=0,0,J8/H8) | L8: Active | M8: 1 | N8: Popular title: raised to market range | O8: Open
A9: 5 | B9: Assassin's Creed Syndicate | C9: PlayStation 4 | D9: Standard | E9: Used, Good | F9: 2015 | G9: Action, Open World | H9: 10 | I9: 12 | J9: =I9-H9 | K9: =IF(H9=0,0,J9/H9) | L9: Active | M9: 1 | N9: Raised to the $12 floor for ordinary titles | O9: Open
A10: 6 | B10: Assassin's Creed Unity | C10: PlayStation 4 | D10: Standard | E10: Used, Good | F10: 2014 | G10: Action, Open World | H10: 8 | I10: 10 | J10: =I10-H10 | K10: =IF(H10=0,0,J10/H10) | L10: Active | M10: 1 | N10: Older/annual/low-demand: small lift | O10: Open
A11: 7 | B11: Assassin's Creed: The Ezio Collection | C11: PlayStation 4 | D11: Standard | E11: Used, Good | F11: 2016 | G11: Action, Open World | H11: 12 | I11: 12 | J11: =I11-H11 | K11: =IF(H11=0,0,J11/H11) | L11: Active | M11: 1 | N11: Unchanged: already at or above market floor | O11: Open
A12: 8 | B12: Back to the Future: 30th Anniversary | C12: PlayStation 4 | D12: Standard | E12: Used, Good | F12: 2015 | G12: Adventure | H12: 10 | I12: 12 | J12: =I12-H12 | K12: =IF(H12=0,0,J12/H12) | L12: Active | M12: 1 | N12: Raised to the $12 floor for ordinary titles | O12: Open
A13: 9 | B13: Battlefield 1 | C13: PlayStation 4 | D13: Standard | E13: Used, Good | F13: 2016 | G13: Shooter | H13: 5 | I13: 10 | J13: =I13-H13 | K13: =IF(H13=0,0,J13/H13) | L13: Active | M13: 1 | N13: Older/annual/low-demand: small lift | O13: Open
A14: 10 | B14: Battlefield Hardline | C14: PlayStation 4 | D14: Standard | E14: Used, Good | F14: 2015 | G14: Shooter | H14: 5 | I14: 8 | J14: =I14-H14 | K14: =IF(H14=0,0,J14/H14) | L14: Active | M14: 1 | N14: Older/annual/low-demand: small lift | O14: Open
A15: 11 | B15: BioShock: The Collection | C15: PlayStation 4 | D15: Standard | E15: Used, Good | F15: 2016 | G15: Shooter, RPG | H15: 12 | I15: 12 | J15: =I15-H15 | K15: =IF(H15=0,0,J15/H15) | L15: Active | M15: 1 | N15: Unchanged: already at or above market floor | O15: Open
A16: 12 | B16: Bloodborne | C16: PlayStation 4 | D16: Standard | E16: Used, Good | F16: 2015 | G16: Action, RPG | H16: 18 | I16: 20 | J16: =I16-H16 | K16: =IF(H16=0,0,J16/H16) | L16: Active | M16: 1 | N16: Popular title: raised to market range | O16: Open
... A128: 124 | B128: Watch Dogs 2 (Steelbook Edition) | C128: PlayStation 4 | D128: Steelbook | E128: Used, Good | F128: 2016 | G128: Action, Open World | H128: 15 | I128: 15 | J128: =I128-H128 | K128: =IF(H128=0,0,J128/H128) | L128: Active | M128: 1 | N128: Steelbook: unchanged (collectible) | O128: Open
B129: Totals / averages | H129: =AVERAGE(H5:H128) | I129: =AVERAGE(I5:I128) | J129: =I129-H129 | K129: =IF(H129=0,0,J129/H129) | M129: =SUM(M5:M128)

Sheet Summary
A1: Price summary
A2: Live formulas: they follow the New price column on the Price list sheet.
B4: Games | C4: Average before | D4: Average after | E4: Lowest | F4: Highest
A5: Standard editions | B5: =COUNTIFS('Price list'!$D$5:$D$128,"<>Steelbook") | C5: =AVERAGEIFS('Price list'!$H$5:$H$128,'Price list'!$D$5:$D$128,"<>Steelbook") | D5: =AVERAGEIFS('Price list'!$I$5:$I$128,'Price list'!$D$5:$D$128,"<>Steelbook") | E5: =MINIFS('Price list'!$I$5:$I$128,'Price list'!$D$5:$D$128,"<>Steelbook") | F5: =MAXIFS('Price list'!$I$5:$I$128,'Price list'!$D$5:$D$128,"<>Steelbook")
A6: Steelbook editions | B6: =COUNTIFS('Price list'!$D$5:$D$128,"Steelbook") | C6: =AVERAGEIFS('Price list'!$H$5:$H$128,'Price list'!$D$5:$D$128,"Steelbook") | D6: =AVERAGEIFS('Price list'!$I$5:$I$128,'Price list'!$D$5:$D$128,"Steelbook") | E6: =MINIFS('Price list'!$I$5:$I$128,'Price list'!$D$5:$D$128,"Steelbook") | F6: =MAXIFS('Price list'!$I$5:$I$128,'Price list'!$D$5:$D$128,"Steelbook")
A7: All games | B7: =COUNTIFS('Price list'!$D$5:$D$128,"*") | C7: =AVERAGEIFS('Price list'!$H$5:$H$128,'Price list'!$D$5:$D$128,"*") | D7: =AVERAGEIFS('Price list'!$I$5:$I$128,'Price list'!$D$5:$D$128,"*") | E7: =MIN('Price list'!$I$5:$I$128) | F7: =MAX('Price list'!$I$5:$I$128)
A10: Standard games by price band
A11: Band | B11: Games before | C11: Games after
A12: Under $10 | B12: =COUNTIFS('Price list'!$D$5:$D$128,"<>Steelbook",'Price list'!$H$5:$H$128,">=0",'Price list'!$H$5:$H$128,"<10") | C12: =COUNTIFS('Price list'!$D$5:$D$128,"<>Steelbook",'Price list'!$I$5:$I$128,">=0",'Price list'!$I$5:$I$128,"<10")
A13: $10 to $14 | B13: =COUNTIFS('Price list'!$D$5:$D$128,"<>Steelbook",'Price list'!$H$5:$H$128,">=10",'Price list'!$H$5:$H$128,"<15") | C13: =COUNTIFS('Price list'!$D$5:$D$128,"<>Steelbook",'Price list'!$I$5:$I$128,">=10",'Price list'!$I$5:$I$128,"<15")
A14: $15 to $19 | B14: =COUNTIFS('Price list'!$D$5:$D$128,"<>Steelbook",'Price list'!$H$5:$H$128,">=15",'Price list'!$H$5:$H$128,"<20") | C14: =COUNTIFS('Price list'!$D$5:$D$128,"<>Steelbook",'Price list'!$I$5:$I$128,">=15",'Price list'!$I$5:$I$128,"<20")
A15: $20 and over | B15: =COUNTIFS('Price list'!$D$5:$D$128,"<>Steelbook",'Price list'!$H$5:$H$128,">=20",'Price list'!$H$5:$H$128,"<1000000") | C15: =COUNTIFS('Price list'!$D$5:$D$128,"<>Steelbook",'Price list'!$I$5:$I$128,">=20",'Price list'!$I$5:$I$128,"<1000000")
A17: Market reference (Game Bros LB, Sep 2026)
A18: Used PS4 games, typical (median) | B18: 15
A19: Used PS4 games, average (excluding collector editions) | B19: 19
A20: Used PS5 games, typical (median) | B20: 25
A21: Used PS5 games, average | B21: 26

Sheet Pricing rules
A1: How the prices were set
A3: Popular titles | B3: Set to the market range of $14 to $22 depending on demand (for example Red Dead Redemption II $20, The Last of Us Remastered $18, Uncharted 4 $18).
A4: Ordinary titles | B4: Raised to a floor of $12. The cheapest ordinary used PS4 games at a local competitor are $13 to $15.
A5: Older, annual or low-demand titles | B5: Allowed below the floor: annual sports and dance games $6 to $8, older shooters and licensed games $8 to $10.
A6: Steelbook editions | B6: Unchanged. They are collectibles and were priced individually.
A7: New arrivals | B7: The eight games added on 19 Sep 2026 follow the same rules.
A8: Nothing was lowered | B8: Every change on the Price list is an increase. The Previous price column lets you reverse any of them.
A9: Changing a price | B9: Admin > Products > edit the product > price. The website updates immediately.
A10: Delivery | B10: Buyers also pay delivery: $5 in Beirut and surroundings, $6 elsewhere with prepayment. A $12 game costs $17 delivered in Beirut.
